{"cameraMode":{"drawMode":0,"name":"Shaded","section":"Shading Mode"},"sceneLighting":true,"audioPlay":false,"sceneViewState":{"showFog":true,"showMaterialUpdate":false,"showSkybox":true,"showFlares":true,"showImageEffects":true,"showParticleSystems":true,"showVisualEffectGraphs":true,"m_FxEnabled":true},"in2DMode":false,"pivot":{"x":5.4241108894348148,"y":1.3426153659820557,"z":4.718297958374023},"rotation":{"x":-0.17631661891937257,"y":-0.24316750466823579,"z":0.045017652213573459,"w":-0.9527184367179871},"size":3.0545358657836916,"orthographic":true}