{"cameraMode":{"drawMode":0,"name":"Shaded","section":"Shading Mode"},"sceneLighting":true,"audioPlay":false,"sceneViewState":{"showFog":true,"showMaterialUpdate":false,"showSkybox":true,"showFlares":true,"showImageEffects":true,"showParticleSystems":true,"showVisualEffectGraphs":true,"m_FxEnabled":true},"in2DMode":false,"pivot":{"x":-4.785284996032715,"y":0.27146410942077639,"z":8.448230743408204},"rotation":{"x":-0.13067327439785005,"y":0.07221390306949616,"z":-0.00955138262361288,"w":-0.9887537956237793},"size":10.717436790466309,"orthographic":false}