{"cameraMode":{"drawMode":0,"name":"Shaded","section":"Shading Mode"},"sceneLighting":true,"audioPlay":false,"sceneViewState":{"showFog":true,"showMaterialUpdate":false,"showSkybox":true,"showFlares":true,"showImageEffects":true,"showParticleSystems":true,"showVisualEffectGraphs":true,"m_FxEnabled":true},"in2DMode":false,"pivot":{"x":-2.0032405853271486,"y":0.7234710454940796,"z":0.16388678550720216},"rotation":{"x":-0.04562951251864433,"y":0.8128591179847717,"z":-0.06426550447940827,"w":-0.5771080851554871},"size":0.483685702085495,"orthographic":false}