{"cameraMode":{"drawMode":0,"name":"Shaded","section":"Shading Mode"},"sceneLighting":true,"audioPlay":false,"sceneViewState":{"showFog":true,"showMaterialUpdate":false,"showSkybox":true,"showFlares":true,"showImageEffects":true,"showParticleSystems":true,"showVisualEffectGraphs":true,"m_FxEnabled":true},"in2DMode":false,"pivot":{"x":-3.1123952865600588,"y":1.8759474754333497,"z":-1.0649484395980836},"rotation":{"x":-0.1053219884634018,"y":-0.13441026210784913,"z":0.014370869845151902,"w":-0.9852080345153809},"size":1.6959093809127808,"orthographic":true}