{"cameraMode":{"drawMode":0,"name":"Shaded","section":"Shading Mode"},"sceneLighting":true,"audioPlay":false,"sceneViewState":{"showFog":true,"showMaterialUpdate":false,"showSkybox":true,"showFlares":true,"showImageEffects":true,"showParticleSystems":true,"showVisualEffectGraphs":true,"m_FxEnabled":true},"in2DMode":false,"pivot":{"x":-0.3959515690803528,"y":0.6614527702331543,"z":0.5409073233604431},"rotation":{"x":-0.23683351278305055,"y":0.39692947268486025,"z":-0.10678623616695404,"w":-0.8803138732910156},"size":0.6570504903793335,"orthographic":false}