{"cameraMode":{"drawMode":0,"name":"Shaded","section":"Shading Mode"},"sceneLighting":true,"audioPlay":false,"sceneViewState":{"showFog":true,"showMaterialUpdate":false,"showSkybox":true,"showFlares":true,"showImageEffects":true,"showParticleSystems":true,"showVisualEffectGraphs":true,"m_FxEnabled":true},"in2DMode":false,"pivot":{"x":-1.5318567752838135,"y":4.228110313415527,"z":3.7271103858947756},"rotation":{"x":0.24937854707241059,"y":-0.20439641177654267,"z":0.053937043994665149,"w":0.9450427889823914},"size":5.4714884757995609,"orthographic":true}