{"cameraMode":{"drawMode":0,"name":"Shaded","section":"Shading Mode"},"sceneLighting":true,"audioPlay":false,"sceneViewState":{"showFog":true,"showMaterialUpdate":false,"showSkybox":true,"showFlares":true,"showImageEffects":true,"showParticleSystems":true,"showVisualEffectGraphs":true,"m_FxEnabled":true},"in2DMode":false,"pivot":{"x":-1.8122825622558594,"y":3.3675107955932619,"z":-8.328160285949707},"rotation":{"x":0.07342581450939179,"y":-0.013465575873851776,"z":0.0009936649585142732,"w":0.997198224067688},"size":3.3364152908325197,"orthographic":true}