{"cameraMode":{"drawMode":0,"name":"Shaded","section":"Shading Mode"},"sceneLighting":true,"audioPlay":false,"sceneViewState":{"showFog":true,"showMaterialUpdate":false,"showSkybox":true,"showFlares":true,"showImageEffects":true,"showParticleSystems":true,"showVisualEffectGraphs":true,"m_FxEnabled":true},"in2DMode":false,"pivot":{"x":-0.7195278406143189,"y":1.042964220046997,"z":0.16875572502613069},"rotation":{"x":0.13393375277519227,"y":-0.02972431853413582,"z":0.00401955284178257,"w":0.9905378818511963},"size":0.5749896764755249,"orthographic":true}