{"cameraMode":{"drawMode":0,"name":"Shaded","section":"Shading Mode"},"sceneLighting":true,"audioPlay":false,"sceneViewState":{"showFog":true,"showMaterialUpdate":false,"showSkybox":true,"showFlares":true,"showImageEffects":true,"showParticleSystems":true,"showVisualEffectGraphs":true,"m_FxEnabled":true},"in2DMode":false,"pivot":{"x":-2.013184070587158,"y":0.36495232582092287,"z":2.8925294876098635},"rotation":{"x":-0.21546590328216554,"y":0.12469310313463211,"z":-0.027740925550460817,"w":-0.9680754542350769},"size":0.9058116674423218,"orthographic":true}