{"cameraMode":{"drawMode":0,"name":"Shaded","section":"Shading Mode"},"sceneLighting":true,"audioPlay":false,"sceneViewState":{"showFog":true,"showMaterialUpdate":false,"showSkybox":true,"showFlares":true,"showImageEffects":true,"showParticleSystems":true,"showVisualEffectGraphs":true,"m_FxEnabled":true},"in2DMode":false,"pivot":{"x":-2.337555408477783,"y":0.039933085441589358,"z":3.0066473484039308},"rotation":{"x":0.2111126035451889,"y":-0.4711886942386627,"z":0.11725294589996338,"w":0.8483361005783081},"size":0.511520266532898,"orthographic":false}