{"cameraMode":{"drawMode":0,"name":"Shaded","section":"Shading Mode"},"sceneLighting":true,"audioPlay":false,"sceneViewState":{"showFog":true,"showMaterialUpdate":false,"showSkybox":true,"showFlares":true,"showImageEffects":true,"showParticleSystems":true,"showVisualEffectGraphs":true,"m_FxEnabled":true},"in2DMode":false,"pivot":{"x":2.0147714614868166,"y":1.6727321147918702,"z":1.0560543537139893},"rotation":{"x":-0.029919229447841646,"y":0.07100094109773636,"z":-0.002137425821274519,"w":-0.997006356716156},"size":6.026956081390381,"orthographic":true}