{"cameraMode":{"drawMode":0,"name":"Shaded","section":"Shading Mode"},"sceneLighting":true,"audioPlay":false,"sceneViewState":{"showFog":true,"showMaterialUpdate":false,"showSkybox":true,"showFlares":true,"showImageEffects":true,"showParticleSystems":true,"showVisualEffectGraphs":true,"m_FxEnabled":true},"in2DMode":false,"pivot":{"x":0.17731362581253053,"y":0.454073429107666,"z":0.7760946154594421},"rotation":{"x":0.3695792257785797,"y":0.08900152146816254,"z":-0.03558817878365517,"w":0.9242386221885681},"size":1.4070327281951905,"orthographic":false}