{"cameraMode":{"drawMode":0,"name":"Shaded","section":"Shading Mode"},"sceneLighting":true,"audioPlay":false,"sceneViewState":{"showFog":true,"showMaterialUpdate":false,"showSkybox":true,"showFlares":true,"showImageEffects":true,"showParticleSystems":true,"showVisualEffectGraphs":true,"m_FxEnabled":true},"in2DMode":false,"pivot":{"x":0.8535075187683106,"y":1.990370750427246,"z":-1.4595134258270264},"rotation":{"x":-0.23954953253269196,"y":0.3491171598434448,"z":-0.09280090034008026,"w":-0.9011772871017456},"size":-0.057050466537475589,"orthographic":false}