{"cameraMode":{"drawMode":0,"name":"Shaded","section":"Shading Mode"},"sceneLighting":true,"audioPlay":false,"sceneViewState":{"showFog":true,"showMaterialUpdate":false,"showSkybox":true,"showFlares":true,"showImageEffects":true,"showParticleSystems":true,"showVisualEffectGraphs":true,"m_FxEnabled":true},"in2DMode":false,"pivot":{"x":-12.480611801147461,"y":0.5673561096191406,"z":0.19164472818374635},"rotation":{"x":-0.11024104803800583,"y":0.7025313377380371,"z":-0.11156997084617615,"w":-0.6941413283348084},"size":2.595757484436035,"orthographic":true}