{"cameraMode":{"drawMode":0,"name":"Shaded","section":"Shading Mode"},"sceneLighting":true,"audioPlay":false,"sceneViewState":{"showFog":true,"showMaterialUpdate":false,"showSkybox":true,"showFlares":true,"showImageEffects":true,"showParticleSystems":true,"showVisualEffectGraphs":true,"m_FxEnabled":true},"in2DMode":false,"pivot":{"x":0.9476022720336914,"y":0.9222359657287598,"z":-0.355358749628067},"rotation":{"x":0.25924521684646609,"y":0.23884832859039308,"z":-0.06633421778678894,"w":0.9334589838981628},"size":1.9876301288604737,"orthographic":false}