{"cameraMode":{"drawMode":0,"name":"Shaded","section":"Shading Mode"},"sceneLighting":true,"audioPlay":false,"sceneViewState":{"showFog":true,"showMaterialUpdate":false,"showSkybox":true,"showFlares":true,"showImageEffects":true,"showParticleSystems":true,"showVisualEffectGraphs":true,"m_FxEnabled":true},"in2DMode":false,"pivot":{"x":-0.18853628635406495,"y":0.995032787322998,"z":2.405045986175537},"rotation":{"x":-0.29581934213638308,"y":0.09351367503404618,"z":-0.029112057760357858,"w":-0.9502083659172058},"size":3.5429491996765138,"orthographic":false}