{"cameraMode":{"drawMode":0,"name":"Shaded","section":"Shading Mode"},"sceneLighting":true,"audioPlay":false,"sceneViewState":{"showFog":true,"showMaterialUpdate":false,"showSkybox":true,"showFlares":true,"showImageEffects":true,"showParticleSystems":true,"showVisualEffectGraphs":true,"m_FxEnabled":true},"in2DMode":false,"pivot":{"x":0.8177399635314941,"y":1.2528358697891236,"z":-0.25675952434539797},"rotation":{"x":-0.22978733479976655,"y":0.5541024208068848,"z":-0.16252519190311433,"w":-0.7834230661392212},"size":1.4560596942901612,"orthographic":false}