{"cameraMode":{"drawMode":0,"name":"Shaded","section":"Shading Mode"},"sceneLighting":true,"audioPlay":false,"sceneViewState":{"showFog":true,"showMaterialUpdate":false,"showSkybox":true,"showFlares":true,"showImageEffects":true,"showParticleSystems":true,"showVisualEffectGraphs":true,"m_FxEnabled":true},"in2DMode":false,"pivot":{"x":0.12005648016929627,"y":0.9289695620536804,"z":0.20411363244056703},"rotation":{"x":0.009150980040431023,"y":-0.6678603887557983,"z":0.7441847920417786,"w":0.00821275170892477},"size":0.06758144497871399,"orthographic":true}