{"cameraMode":{"drawMode":0,"name":"Shaded","section":"Shading Mode"},"sceneLighting":true,"audioPlay":false,"sceneViewState":{"showFog":true,"showMaterialUpdate":false,"showSkybox":true,"showFlares":true,"showImageEffects":true,"showParticleSystems":true,"showVisualEffectGraphs":true,"m_FxEnabled":true},"in2DMode":false,"pivot":{"x":2.9398789405822756,"y":-0.5327088832855225,"z":4.7371087074279789},"rotation":{"x":-0.1764722615480423,"y":-0.16537536680698396,"z":0.030108224600553514,"w":-0.9698030352592468},"size":2.7359185218811037,"orthographic":true}